ExpCode,ROI,nVertices,LabelSize,SubjCode,Resp,Conditions,Target
1,roi.rh.f20.f-vs-o.label,207,146.15,faceword01_self,0.618468136387171,face,1
1,roi.rh.f20.f-vs-o.label,207,146.15,faceword01_self,-0.118511368261857,face,1
1,roi.rh.f20.f-vs-o.label,207,146.15,faceword01_self,-0.0554169565571387,face,1
1,roi.rh.f20.f-vs-o.label,207,146.15,faceword01_self,0.166551856818982,face,1
1,roi.rh.f20.f-vs-o.label,207,146.15,faceword01_self,92.5875320066001,object,2
1,roi.rh.f20.f-vs-o.label,207,146.15,faceword01_self,-1.73891861831256,object,2
1,roi.rh.f20.f-vs-o.label,207,146.15,faceword01_self,5.21009816693655,object,2
1,roi.rh.f20.f-vs-o.label,207,146.15,faceword01_self,-2.16865443220983,object,2
1,roi.rh.f20.f-vs-o.label,207,146.15,faceword01_self,0.280242201696703,word,3
1,roi.rh.f20.f-vs-o.label,207,146.15,faceword01_self,-0.644229929571677,word,3
1,roi.rh.f20.f-vs-o.label,207,146.15,faceword01_self,20.2531799428561,word,3
1,roi.rh.f20.f-vs-o.label,207,146.15,faceword01_self,0.846558645966008,word,3
1,roi.rh.f20.f-vs-o.label,207,146.15,faceword01_self,-1.43644603464195,scrambled,4
1,roi.rh.f20.f-vs-o.label,207,146.15,faceword01_self,0.00280842910282278,scrambled,4
1,roi.rh.f20.f-vs-o.label,207,146.15,faceword01_self,87.840974761668,scrambled,4
1,roi.rh.f20.f-vs-o.label,207,146.15,faceword01_self,-3.1549607316293,scrambled,4
1,roi.rh.f20.f-vs-o.label,464,320.41,faceword03_self,1.8561197540498,face,1
1,roi.rh.f20.f-vs-o.label,464,320.41,faceword03_self,0.904052220032037,face,1
1,roi.rh.f20.f-vs-o.label,464,320.41,faceword03_self,1.0948211162199,face,1
1,roi.rh.f20.f-vs-o.label,464,320.41,faceword03_self,0.917265741828957,face,1
1,roi.rh.f20.f-vs-o.label,464,320.41,faceword03_self,85.6360140874468,object,2
1,roi.rh.f20.f-vs-o.label,464,320.41,faceword03_self,-1.02213742697771,object,2
1,roi.rh.f20.f-vs-o.label,464,320.41,faceword03_self,4.32995600080176,object,2
1,roi.rh.f20.f-vs-o.label,464,320.41,faceword03_self,-2.02327483290493,object,2
1,roi.rh.f20.f-vs-o.label,464,320.41,faceword03_self,9.15166117165816,word,3
1,roi.rh.f20.f-vs-o.label,464,320.41,faceword03_self,0.231165431413783,word,3
1,roi.rh.f20.f-vs-o.label,464,320.41,faceword03_self,16.6387681580743,word,3
1,roi.rh.f20.f-vs-o.label,464,320.41,faceword03_self,-0.852301467707329,word,3
1,roi.rh.f20.f-vs-o.label,464,320.41,faceword03_self,0.310276117421993,scrambled,4
1,roi.rh.f20.f-vs-o.label,464,320.41,faceword03_self,0.558417773476384,scrambled,4
1,roi.rh.f20.f-vs-o.label,464,320.41,faceword03_self,86.0460903685668,scrambled,4
1,roi.rh.f20.f-vs-o.label,464,320.41,faceword03_self,-1.67429158748489,scrambled,4
1,roi.rh.f20.f-vs-o.label,317,234.95,faceword04_self,1.77449741553844,face,1
1,roi.rh.f20.f-vs-o.label,317,234.95,faceword04_self,1.22231607578624,face,1
1,roi.rh.f20.f-vs-o.label,317,234.95,faceword04_self,1.23031684967773,face,1
1,roi.rh.f20.f-vs-o.label,317,234.95,faceword04_self,0.890292113840768,face,1
1,roi.rh.f20.f-vs-o.label,317,234.95,faceword04_self,82.8627377759771,object,2
1,roi.rh.f20.f-vs-o.label,317,234.95,faceword04_self,3.61418321033593,object,2
1,roi.rh.f20.f-vs-o.label,317,234.95,faceword04_self,7.85459792902341,object,2
1,roi.rh.f20.f-vs-o.label,317,234.95,faceword04_self,9.47489314751952,object,2
1,roi.rh.f20.f-vs-o.label,317,234.95,faceword04_self,-0.125857123414683,word,3
1,roi.rh.f20.f-vs-o.label,317,234.95,faceword04_self,-1.08901492893484,word,3
1,roi.rh.f20.f-vs-o.label,317,234.95,faceword04_self,21.5398906352768,word,3
1,roi.rh.f20.f-vs-o.label,317,234.95,faceword04_self,1.03745642537297,word,3
1,roi.rh.f20.f-vs-o.label,317,234.95,faceword04_self,1.17703628186019,scrambled,4
1,roi.rh.f20.f-vs-o.label,317,234.95,faceword04_self,1.03954582741302,scrambled,4
1,roi.rh.f20.f-vs-o.label,317,234.95,faceword04_self,82.1814970022496,scrambled,4
1,roi.rh.f20.f-vs-o.label,317,234.95,faceword04_self,0.83296904782177,scrambled,4
1,roi.rh.f20.f-vs-o.label,28,20.84,faceword06_self,1.30409856566361,face,1
1,roi.rh.f20.f-vs-o.label,28,20.84,faceword06_self,0.681512909276145,face,1
1,roi.rh.f20.f-vs-o.label,28,20.84,faceword06_self,0.899708903261593,face,1
1,roi.rh.f20.f-vs-o.label,28,20.84,faceword06_self,0.458156568397369,face,1
1,roi.rh.f20.f-vs-o.label,28,20.84,faceword06_self,33.9723232133048,object,2
1,roi.rh.f20.f-vs-o.label,28,20.84,faceword06_self,-2.12897744535335,object,2
1,roi.rh.f20.f-vs-o.label,28,20.84,faceword06_self,-4.98384949777807,object,2
1,roi.rh.f20.f-vs-o.label,28,20.84,faceword06_self,10.9666933161872,object,2
1,roi.rh.f20.f-vs-o.label,28,20.84,faceword06_self,1.46289233703698,word,3
1,roi.rh.f20.f-vs-o.label,28,20.84,faceword06_self,-0.121482382927622,word,3
1,roi.rh.f20.f-vs-o.label,28,20.84,faceword06_self,9.71967453616006,word,3
1,roi.rh.f20.f-vs-o.label,28,20.84,faceword06_self,-2.01067917261805,word,3
1,roi.rh.f20.f-vs-o.label,28,20.84,faceword06_self,-0.847669223589557,scrambled,4
1,roi.rh.f20.f-vs-o.label,28,20.84,faceword06_self,-0.315292123705149,scrambled,4
1,roi.rh.f20.f-vs-o.label,28,20.84,faceword06_self,31.4915999685015,scrambled,4
1,roi.rh.f20.f-vs-o.label,28,20.84,faceword06_self,0.669511839215245,scrambled,4
1,roi.rh.f20.f-vs-o.label,184,134.87,faceword07_self,1.51862515950494,face,1
1,roi.rh.f20.f-vs-o.label,184,134.87,faceword07_self,0.961033663348011,face,1
1,roi.rh.f20.f-vs-o.label,184,134.87,faceword07_self,0.967877881034561,face,1
1,roi.rh.f20.f-vs-o.label,184,134.87,faceword07_self,0.718586759965705,face,1
1,roi.rh.f20.f-vs-o.label,184,134.87,faceword07_self,78.5322062865548,object,2
1,roi.rh.f20.f-vs-o.label,184,134.87,faceword07_self,-2.31675388569143,object,2
1,roi.rh.f20.f-vs-o.label,184,134.87,faceword07_self,-5.70214492339722,object,2
1,roi.rh.f20.f-vs-o.label,184,134.87,faceword07_self,-2.27527907719512,object,2
1,roi.rh.f20.f-vs-o.label,184,134.87,faceword07_self,-0.223963183563446,word,3
1,roi.rh.f20.f-vs-o.label,184,134.87,faceword07_self,-0.775828057049733,word,3
1,roi.rh.f20.f-vs-o.label,184,134.87,faceword07_self,18.8885954489284,word,3
1,roi.rh.f20.f-vs-o.label,184,134.87,faceword07_self,0.729997017746032,word,3
1,roi.rh.f20.f-vs-o.label,184,134.87,faceword07_self,0.693319402602197,scrambled,4
1,roi.rh.f20.f-vs-o.label,184,134.87,faceword07_self,0.497212668955478,scrambled,4
1,roi.rh.f20.f-vs-o.label,184,134.87,faceword07_self,79.0887097794077,scrambled,4
1,roi.rh.f20.f-vs-o.label,184,134.87,faceword07_self,0.993556825051833,scrambled,4
1,roi.rh.f20.f-vs-o.label,488,357.68,faceword08_self,2.30934771553415,face,1
1,roi.rh.f20.f-vs-o.label,488,357.68,faceword08_self,1.1710853467955,face,1
1,roi.rh.f20.f-vs-o.label,488,357.68,faceword08_self,1.08032993807412,face,1
1,roi.rh.f20.f-vs-o.label,488,357.68,faceword08_self,1.02689979817779,face,1
1,roi.rh.f20.f-vs-o.label,488,357.68,faceword08_self,86.0739622350599,object,2
1,roi.rh.f20.f-vs-o.label,488,357.68,faceword08_self,0.863966083183663,object,2
1,roi.rh.f20.f-vs-o.label,488,357.68,faceword08_self,5.50902838428165,object,2
1,roi.rh.f20.f-vs-o.label,488,357.68,faceword08_self,4.84415886656488,object,2
1,roi.rh.f20.f-vs-o.label,488,357.68,faceword08_self,9.09684650126662,word,3
1,roi.rh.f20.f-vs-o.label,488,357.68,faceword08_self,0.0205222315300012,word,3
1,roi.rh.f20.f-vs-o.label,488,357.68,faceword08_self,24.1945731483522,word,3
1,roi.rh.f20.f-vs-o.label,488,357.68,faceword08_self,1.12591825979075,word,3
1,roi.rh.f20.f-vs-o.label,488,357.68,faceword08_self,0.439242558269456,scrambled,4
1,roi.rh.f20.f-vs-o.label,488,357.68,faceword08_self,0.23492154537151,scrambled,4
1,roi.rh.f20.f-vs-o.label,488,357.68,faceword08_self,85.0895962949659,scrambled,4
1,roi.rh.f20.f-vs-o.label,488,357.68,faceword08_self,1.08256550389843,scrambled,4
1,roi.rh.f20.f-vs-o.label,448,295.58,faceword09_self,1.79118551407425,face,1
1,roi.rh.f20.f-vs-o.label,448,295.58,faceword09_self,0.754442708901999,face,1
1,roi.rh.f20.f-vs-o.label,448,295.58,faceword09_self,0.788734512439467,face,1
1,roi.rh.f20.f-vs-o.label,448,295.58,faceword09_self,0.528616407165828,face,1
1,roi.rh.f20.f-vs-o.label,448,295.58,faceword09_self,83.7783133387566,object,2
1,roi.rh.f20.f-vs-o.label,448,295.58,faceword09_self,-3.30087921686105,object,2
1,roi.rh.f20.f-vs-o.label,448,295.58,faceword09_self,-8.70537563383693,object,2
1,roi.rh.f20.f-vs-o.label,448,295.58,faceword09_self,-5.97665978282956,object,2
1,roi.rh.f20.f-vs-o.label,448,295.58,faceword09_self,4.90063420917223,word,3
1,roi.rh.f20.f-vs-o.label,448,295.58,faceword09_self,1.15236838915319,word,3
1,roi.rh.f20.f-vs-o.label,448,295.58,faceword09_self,13.3396051218234,word,3
1,roi.rh.f20.f-vs-o.label,448,295.58,faceword09_self,1.30509276321157,word,3
1,roi.rh.f20.f-vs-o.label,448,295.58,faceword09_self,1.62169893315279,scrambled,4
1,roi.rh.f20.f-vs-o.label,448,295.58,faceword09_self,0.477176562645972,scrambled,4
1,roi.rh.f20.f-vs-o.label,448,295.58,faceword09_self,85.0544417074749,scrambled,4
1,roi.rh.f20.f-vs-o.label,448,295.58,faceword09_self,0.678280934015804,scrambled,4
1,roi.rh.f20.f-vs-o.label,66,42.36,faceword10_self,2.68031902876541,face,1
1,roi.rh.f20.f-vs-o.label,66,42.36,faceword10_self,1.89156575862205,face,1
1,roi.rh.f20.f-vs-o.label,66,42.36,faceword10_self,1.50185806733189,face,1
1,roi.rh.f20.f-vs-o.label,66,42.36,faceword10_self,1.59718626906926,face,1
1,roi.rh.f20.f-vs-o.label,66,42.36,faceword10_self,101.376082333651,object,2
1,roi.rh.f20.f-vs-o.label,66,42.36,faceword10_self,-1.89029577200894,object,2
1,roi.rh.f20.f-vs-o.label,66,42.36,faceword10_self,-5.54990629400268,object,2
1,roi.rh.f20.f-vs-o.label,66,42.36,faceword10_self,-3.04809154254017,object,2
1,roi.rh.f20.f-vs-o.label,66,42.36,faceword10_self,-1.36039197142941,word,3
1,roi.rh.f20.f-vs-o.label,66,42.36,faceword10_self,2.757476909199,word,3
1,roi.rh.f20.f-vs-o.label,66,42.36,faceword10_self,26.8010641155821,word,3
1,roi.rh.f20.f-vs-o.label,66,42.36,faceword10_self,-0.198704561430284,word,3
1,roi.rh.f20.f-vs-o.label,66,42.36,faceword10_self,0.482262128173853,scrambled,4
1,roi.rh.f20.f-vs-o.label,66,42.36,faceword10_self,0.261513697547895,scrambled,4
1,roi.rh.f20.f-vs-o.label,66,42.36,faceword10_self,101.547984961307,scrambled,4
1,roi.rh.f20.f-vs-o.label,66,42.36,faceword10_self,-2.62183922980771,scrambled,4
1,roi.rh.f20.f-vs-o.label,187,133.64,faceword11_self,2.11422035194694,face,1
1,roi.rh.f20.f-vs-o.label,187,133.64,faceword11_self,1.22242279342789,face,1
1,roi.rh.f20.f-vs-o.label,187,133.64,faceword11_self,1.2961105729508,face,1
1,roi.rh.f20.f-vs-o.label,187,133.64,faceword11_self,0.552369611447348,face,1
1,roi.rh.f20.f-vs-o.label,187,133.64,faceword11_self,92.2337140578,object,2
1,roi.rh.f20.f-vs-o.label,187,133.64,faceword11_self,4.31028387920662,object,2
1,roi.rh.f20.f-vs-o.label,187,133.64,faceword11_self,-1.38571765785788,object,2
1,roi.rh.f20.f-vs-o.label,187,133.64,faceword11_self,3.90934659492842,object,2
1,roi.rh.f20.f-vs-o.label,187,133.64,faceword11_self,-11.3364165016116,word,3
1,roi.rh.f20.f-vs-o.label,187,133.64,faceword11_self,1.37278959912094,word,3
1,roi.rh.f20.f-vs-o.label,187,133.64,faceword11_self,30.8459723977482,word,3
1,roi.rh.f20.f-vs-o.label,187,133.64,faceword11_self,-0.744065271023123,word,3
1,roi.rh.f20.f-vs-o.label,187,133.64,faceword11_self,0.775149604803658,scrambled,4
1,roi.rh.f20.f-vs-o.label,187,133.64,faceword11_self,-0.0704558775550125,scrambled,4
1,roi.rh.f20.f-vs-o.label,187,133.64,faceword11_self,90.6930209073153,scrambled,4
1,roi.rh.f20.f-vs-o.label,187,133.64,faceword11_self,0.125425031986386,scrambled,4
1,roi.rh.f20.f-vs-o.label,685,477.48,faceword12_self,2.26670878604326,face,1
1,roi.rh.f20.f-vs-o.label,685,477.48,faceword12_self,1.09177310120078,face,1
1,roi.rh.f20.f-vs-o.label,685,477.48,faceword12_self,1.67135551533777,face,1
1,roi.rh.f20.f-vs-o.label,685,477.48,faceword12_self,0.498688306888892,face,1
1,roi.rh.f20.f-vs-o.label,685,477.48,faceword12_self,79.4103123094044,object,2
1,roi.rh.f20.f-vs-o.label,685,477.48,faceword12_self,-0.460455686342733,object,2
1,roi.rh.f20.f-vs-o.label,685,477.48,faceword12_self,-2.68916254485991,object,2
1,roi.rh.f20.f-vs-o.label,685,477.48,faceword12_self,-7.89126345022126,object,2
1,roi.rh.f20.f-vs-o.label,685,477.48,faceword12_self,1.43484422321411,word,3
1,roi.rh.f20.f-vs-o.label,685,477.48,faceword12_self,-2.85631437522978,word,3
1,roi.rh.f20.f-vs-o.label,685,477.48,faceword12_self,19.2874225840299,word,3
1,roi.rh.f20.f-vs-o.label,685,477.48,faceword12_self,0.700029348287677,word,3
1,roi.rh.f20.f-vs-o.label,685,477.48,faceword12_self,1.64115787076689,scrambled,4
1,roi.rh.f20.f-vs-o.label,685,477.48,faceword12_self,1.30550930449386,scrambled,4
1,roi.rh.f20.f-vs-o.label,685,477.48,faceword12_self,81.8399926965254,scrambled,4
1,roi.rh.f20.f-vs-o.label,685,477.48,faceword12_self,4.68063771292423,scrambled,4
1,roi.rh.f20.f-vs-o.label,20,12.44,faceword13_self,2.82003452181816,face,1
1,roi.rh.f20.f-vs-o.label,20,12.44,faceword13_self,2.24072387218475,face,1
1,roi.rh.f20.f-vs-o.label,20,12.44,faceword13_self,2.10964357852936,face,1
1,roi.rh.f20.f-vs-o.label,20,12.44,faceword13_self,0.776865458488464,face,1
1,roi.rh.f20.f-vs-o.label,20,12.44,faceword13_self,97.0428817749023,object,2
1,roi.rh.f20.f-vs-o.label,20,12.44,faceword13_self,-5.10849581360817,object,2
1,roi.rh.f20.f-vs-o.label,20,12.44,faceword13_self,4.58626373186708,object,2
1,roi.rh.f20.f-vs-o.label,20,12.44,faceword13_self,5.73894182248041,object,2
1,roi.rh.f20.f-vs-o.label,20,12.44,faceword13_self,4.67291090488434,word,3
1,roi.rh.f20.f-vs-o.label,20,12.44,faceword13_self,-0.899938650429249,word,3
1,roi.rh.f20.f-vs-o.label,20,12.44,faceword13_self,16.6255833387375,word,3
1,roi.rh.f20.f-vs-o.label,20,12.44,faceword13_self,-0.808259740099311,word,3
1,roi.rh.f20.f-vs-o.label,20,12.44,faceword13_self,0.670006999373436,scrambled,4
1,roi.rh.f20.f-vs-o.label,20,12.44,faceword13_self,1.0530911155045,scrambled,4
1,roi.rh.f20.f-vs-o.label,20,12.44,faceword13_self,96.7386348724365,scrambled,4
1,roi.rh.f20.f-vs-o.label,20,12.44,faceword13_self,1.98057613670826,scrambled,4
1,roi.rh.f20.f-vs-o.label,132,97.18,faceword14_self,1.90584393906774,face,1
1,roi.rh.f20.f-vs-o.label,132,97.18,faceword14_self,1.27155673232946,face,1
1,roi.rh.f20.f-vs-o.label,132,97.18,faceword14_self,0.753235542751623,face,1
1,roi.rh.f20.f-vs-o.label,132,97.18,faceword14_self,0.688686662099578,face,1
1,roi.rh.f20.f-vs-o.label,132,97.18,faceword14_self,85.0198435349898,object,2
1,roi.rh.f20.f-vs-o.label,132,97.18,faceword14_self,-1.57822368943104,object,2
1,roi.rh.f20.f-vs-o.label,132,97.18,faceword14_self,3.05069581055167,object,2
1,roi.rh.f20.f-vs-o.label,132,97.18,faceword14_self,-0.0940146298980284,object,2
1,roi.rh.f20.f-vs-o.label,132,97.18,faceword14_self,0.462402571260816,word,3
1,roi.rh.f20.f-vs-o.label,132,97.18,faceword14_self,-1.49612389817467,word,3
1,roi.rh.f20.f-vs-o.label,132,97.18,faceword14_self,19.8730553713712,word,3
1,roi.rh.f20.f-vs-o.label,132,97.18,faceword14_self,1.38395636161846,word,3
1,roi.rh.f20.f-vs-o.label,132,97.18,faceword14_self,0.808893680071571,scrambled,4
1,roi.rh.f20.f-vs-o.label,132,97.18,faceword14_self,0.241776418374326,scrambled,4
1,roi.rh.f20.f-vs-o.label,132,97.18,faceword14_self,84.9009828856497,scrambled,4
1,roi.rh.f20.f-vs-o.label,132,97.18,faceword14_self,1.85439452788595,scrambled,4
1,roi.rh.f20.f-vs-o.label,490,346.23,faceword15_self,2.7917656052373,face,1
1,roi.rh.f20.f-vs-o.label,490,346.23,faceword15_self,1.82673126594449,face,1
1,roi.rh.f20.f-vs-o.label,490,346.23,faceword15_self,1.78553282451265,face,1
1,roi.rh.f20.f-vs-o.label,490,346.23,faceword15_self,0.875045441588825,face,1
1,roi.rh.f20.f-vs-o.label,490,346.23,faceword15_self,77.0041365652668,object,2
1,roi.rh.f20.f-vs-o.label,490,346.23,faceword15_self,0.76319894347701,object,2
1,roi.rh.f20.f-vs-o.label,490,346.23,faceword15_self,-0.0666460122825217,object,2
1,roi.rh.f20.f-vs-o.label,490,346.23,faceword15_self,4.04551450247515,object,2
1,roi.rh.f20.f-vs-o.label,490,346.23,faceword15_self,-0.430183570655728,word,3
1,roi.rh.f20.f-vs-o.label,490,346.23,faceword15_self,0.651497155156614,word,3
1,roi.rh.f20.f-vs-o.label,490,346.23,faceword15_self,21.6353689733817,word,3
1,roi.rh.f20.f-vs-o.label,490,346.23,faceword15_self,0.31090909057696,word,3
1,roi.rh.f20.f-vs-o.label,490,346.23,faceword15_self,0.855688876088481,scrambled,4
1,roi.rh.f20.f-vs-o.label,490,346.23,faceword15_self,0.778930658532535,scrambled,4
1,roi.rh.f20.f-vs-o.label,490,346.23,faceword15_self,79.5328114285761,scrambled,4
1,roi.rh.f20.f-vs-o.label,490,346.23,faceword15_self,2.28138609463919,scrambled,4
1,roi.rh.f20.f-vs-o.label,614,406.88,faceword16_self,2.30270308399336,face,1
1,roi.rh.f20.f-vs-o.label,614,406.88,faceword16_self,1.32750947984293,face,1
1,roi.rh.f20.f-vs-o.label,614,406.88,faceword16_self,1.14848875249084,face,1
1,roi.rh.f20.f-vs-o.label,614,406.88,faceword16_self,0.929539614138633,face,1
1,roi.rh.f20.f-vs-o.label,614,406.88,faceword16_self,93.3020054913499,object,2
1,roi.rh.f20.f-vs-o.label,614,406.88,faceword16_self,1.89337208500782,object,2
1,roi.rh.f20.f-vs-o.label,614,406.88,faceword16_self,0.508768133188109,object,2
1,roi.rh.f20.f-vs-o.label,614,406.88,faceword16_self,-2.95487069271593,object,2
1,roi.rh.f20.f-vs-o.label,614,406.88,faceword16_self,-2.59676322407705,word,3
1,roi.rh.f20.f-vs-o.label,614,406.88,faceword16_self,-1.57024339362767,word,3
1,roi.rh.f20.f-vs-o.label,614,406.88,faceword16_self,24.7093392723158,word,3
1,roi.rh.f20.f-vs-o.label,614,406.88,faceword16_self,1.2372916702709,word,3
1,roi.rh.f20.f-vs-o.label,614,406.88,faceword16_self,1.28385663814069,scrambled,4
1,roi.rh.f20.f-vs-o.label,614,406.88,faceword16_self,0.400115589257246,scrambled,4
1,roi.rh.f20.f-vs-o.label,614,406.88,faceword16_self,91.738516475168,scrambled,4
1,roi.rh.f20.f-vs-o.label,614,406.88,faceword16_self,2.90177750883242,scrambled,4
1,roi.rh.f20.f-vs-o.label,54,43.91,faceword17_self,1.39369122187297,face,1
1,roi.rh.f20.f-vs-o.label,54,43.91,faceword17_self,1.39066548148791,face,1
1,roi.rh.f20.f-vs-o.label,54,43.91,faceword17_self,0.776242879253847,face,1
1,roi.rh.f20.f-vs-o.label,54,43.91,faceword17_self,1.0237153597452,face,1
1,roi.rh.f20.f-vs-o.label,54,43.91,faceword17_self,79.00465965271,object,2
1,roi.rh.f20.f-vs-o.label,54,43.91,faceword17_self,0.552556160147543,object,2
1,roi.rh.f20.f-vs-o.label,54,43.91,faceword17_self,-0.176571105503374,object,2
1,roi.rh.f20.f-vs-o.label,54,43.91,faceword17_self,4.46014234396043,object,2
1,roi.rh.f20.f-vs-o.label,54,43.91,faceword17_self,2.36675589995058,word,3
1,roi.rh.f20.f-vs-o.label,54,43.91,faceword17_self,1.8062446023579,word,3
1,roi.rh.f20.f-vs-o.label,54,43.91,faceword17_self,18.0583127339681,word,3
1,roi.rh.f20.f-vs-o.label,54,43.91,faceword17_self,-0.324674109376415,word,3
1,roi.rh.f20.f-vs-o.label,54,43.91,faceword17_self,-0.0480804431286675,scrambled,4
1,roi.rh.f20.f-vs-o.label,54,43.91,faceword17_self,0.283967421898894,scrambled,4
1,roi.rh.f20.f-vs-o.label,54,43.91,faceword17_self,79.4432984811288,scrambled,4
1,roi.rh.f20.f-vs-o.label,54,43.91,faceword17_self,-1.54556184272385,scrambled,4
1,roi.rh.f20.f-vs-o.label,245,162.42,faceword18_self,2.04690094091454,face,1
1,roi.rh.f20.f-vs-o.label,245,162.42,faceword18_self,0.975442077710391,face,1
1,roi.rh.f20.f-vs-o.label,245,162.42,faceword18_self,0.877510545570023,face,1
1,roi.rh.f20.f-vs-o.label,245,162.42,faceword18_self,0.402821640506843,face,1
1,roi.rh.f20.f-vs-o.label,245,162.42,faceword18_self,95.9425363034618,object,2
1,roi.rh.f20.f-vs-o.label,245,162.42,faceword18_self,-0.427327954144768,object,2
1,roi.rh.f20.f-vs-o.label,245,162.42,faceword18_self,4.36771416074159,object,2
1,roi.rh.f20.f-vs-o.label,245,162.42,faceword18_self,3.16230611078137,object,2
1,roi.rh.f20.f-vs-o.label,245,162.42,faceword18_self,-1.43179399580315,word,3
1,roi.rh.f20.f-vs-o.label,245,162.42,faceword18_self,-1.51401815929887,word,3
1,roi.rh.f20.f-vs-o.label,245,162.42,faceword18_self,24.0293329997939,word,3
1,roi.rh.f20.f-vs-o.label,245,162.42,faceword18_self,1.38107426457715,word,3
1,roi.rh.f20.f-vs-o.label,245,162.42,faceword18_self,0.563530944926398,scrambled,4
1,roi.rh.f20.f-vs-o.label,245,162.42,faceword18_self,-0.571894293893319,scrambled,4
1,roi.rh.f20.f-vs-o.label,245,162.42,faceword18_self,93.3655395663514,scrambled,4
1,roi.rh.f20.f-vs-o.label,245,162.42,faceword18_self,1.59112578004371,scrambled,4
1,roi.rh.f20.f-vs-o.label,572,2.986,faceword19_self,2.69983386710185,face,1
1,roi.rh.f20.f-vs-o.label,572,2.986,faceword19_self,1.73879854377502,face,1
1,roi.rh.f20.f-vs-o.label,572,2.986,faceword19_self,1.68778495453347,face,1
1,roi.rh.f20.f-vs-o.label,572,2.986,faceword19_self,1.82616311521432,face,1
1,roi.rh.f20.f-vs-o.label,572,2.986,faceword19_self,95.2097947172352,object,2
1,roi.rh.f20.f-vs-o.label,572,2.986,faceword19_self,1.77008792315691,object,2
1,roi.rh.f20.f-vs-o.label,572,2.986,faceword19_self,-3.88620282826177,object,2
1,roi.rh.f20.f-vs-o.label,572,2.986,faceword19_self,-1.19055294714135,object,2
1,roi.rh.f20.f-vs-o.label,572,2.986,faceword19_self,3.05103393204606,word,3
1,roi.rh.f20.f-vs-o.label,572,2.986,faceword19_self,2.76443855298058,word,3
1,roi.rh.f20.f-vs-o.label,572,2.986,faceword19_self,28.1167164809637,word,3
1,roi.rh.f20.f-vs-o.label,572,2.986,faceword19_self,1.80198442506591,word,3
1,roi.rh.f20.f-vs-o.label,572,2.986,faceword19_self,1.48209613405569,scrambled,4
1,roi.rh.f20.f-vs-o.label,572,2.986,faceword19_self,1.11029278391474,scrambled,4
1,roi.rh.f20.f-vs-o.label,572,2.986,faceword19_self,95.5013653831882,scrambled,4
1,roi.rh.f20.f-vs-o.label,572,2.986,faceword19_self,-2.39718848972115,scrambled,4
1,roi.rh.f20.f-vs-o.label,834,4.294,faceword21_self,1.81638378808325,face,1
1,roi.rh.f20.f-vs-o.label,834,4.294,faceword21_self,0.700462703869736,face,1
1,roi.rh.f20.f-vs-o.label,834,4.294,faceword21_self,0.668530330385405,face,1
1,roi.rh.f20.f-vs-o.label,834,4.294,faceword21_self,0.525755981886363,face,1
1,roi.rh.f20.f-vs-o.label,834,4.294,faceword21_self,88.9662239362868,object,2
1,roi.rh.f20.f-vs-o.label,834,4.294,faceword21_self,-0.752247723325833,object,2
1,roi.rh.f20.f-vs-o.label,834,4.294,faceword21_self,-0.617963954118445,object,2
1,roi.rh.f20.f-vs-o.label,834,4.294,faceword21_self,-0.141385259508207,object,2
1,roi.rh.f20.f-vs-o.label,834,4.294,faceword21_self,-4.34487908588984,word,3
1,roi.rh.f20.f-vs-o.label,834,4.294,faceword21_self,0.694764652895257,word,3
1,roi.rh.f20.f-vs-o.label,834,4.294,faceword21_self,23.7417008791038,word,3
1,roi.rh.f20.f-vs-o.label,834,4.294,faceword21_self,1.00025636638803,word,3
1,roi.rh.f20.f-vs-o.label,834,4.294,faceword21_self,0.699329438428919,scrambled,4
1,roi.rh.f20.f-vs-o.label,834,4.294,faceword21_self,0.0482071031341988,scrambled,4
1,roi.rh.f20.f-vs-o.label,834,4.294,faceword21_self,89.072194868998,scrambled,4
1,roi.rh.f20.f-vs-o.label,834,4.294,faceword21_self,2.50884013357561,scrambled,4
2,roi.rh.f20.f-vs-o.label,698,507.51,facewordN01_self,1.83816017753366,face,1
2,roi.rh.f20.f-vs-o.label,698,507.51,facewordN01_self,0.948224673581371,face,1
2,roi.rh.f20.f-vs-o.label,698,507.51,facewordN01_self,0.473013164620996,face,1
2,roi.rh.f20.f-vs-o.label,698,507.51,facewordN01_self,0.803043672368651,face,1
2,roi.rh.f20.f-vs-o.label,698,507.51,facewordN01_self,88.092894248088,object,2
2,roi.rh.f20.f-vs-o.label,698,507.51,facewordN01_self,0.0683966264979951,object,2
2,roi.rh.f20.f-vs-o.label,698,507.51,facewordN01_self,0.678177049019265,object,2
2,roi.rh.f20.f-vs-o.label,698,507.51,facewordN01_self,2.24076812644422,object,2
2,roi.rh.f20.f-vs-o.label,698,507.51,facewordN01_self,0.943436512952059,word,3
2,roi.rh.f20.f-vs-o.label,698,507.51,facewordN01_self,2.254985725782,word,3
2,roi.rh.f20.f-vs-o.label,698,507.51,facewordN01_self,24.1166021228264,word,3
2,roi.rh.f20.f-vs-o.label,698,507.51,facewordN01_self,0.568234843534774,word,3
2,roi.rh.f20.f-vs-o.label,698,507.51,facewordN01_self,0.35048016616927,scrambled,4
2,roi.rh.f20.f-vs-o.label,698,507.51,facewordN01_self,-0.101279368163684,scrambled,4
2,roi.rh.f20.f-vs-o.label,698,507.51,facewordN01_self,87.9018665138835,scrambled,4
2,roi.rh.f20.f-vs-o.label,698,507.51,facewordN01_self,1.09057012585885,scrambled,4
2,roi.rh.f20.f-vs-o.label,358,248.38,facewordN02_self,1.92733797624541,face,1
2,roi.rh.f20.f-vs-o.label,358,248.38,facewordN02_self,1.13047679004717,face,1
2,roi.rh.f20.f-vs-o.label,358,248.38,facewordN02_self,0.103707781739454,face,1
2,roi.rh.f20.f-vs-o.label,358,248.38,facewordN02_self,0.431531932969791,face,1
2,roi.rh.f20.f-vs-o.label,358,248.38,facewordN02_self,97.7709791194127,object,2
2,roi.rh.f20.f-vs-o.label,358,248.38,facewordN02_self,-2.18473099010305,object,2
2,roi.rh.f20.f-vs-o.label,358,248.38,facewordN02_self,1.56200727950469,object,2
2,roi.rh.f20.f-vs-o.label,358,248.38,facewordN02_self,14.3937927315938,object,2
2,roi.rh.f20.f-vs-o.label,358,248.38,facewordN02_self,-3.96032902285035,word,3
2,roi.rh.f20.f-vs-o.label,358,248.38,facewordN02_self,-11.4768781320676,word,3
2,roi.rh.f20.f-vs-o.label,358,248.38,facewordN02_self,38.9846783936357,word,3
2,roi.rh.f20.f-vs-o.label,358,248.38,facewordN02_self,-0.788386798427992,word,3
2,roi.rh.f20.f-vs-o.label,358,248.38,facewordN02_self,0.164644082880699,scrambled,4
2,roi.rh.f20.f-vs-o.label,358,248.38,facewordN02_self,-0.055151063539465,scrambled,4
2,roi.rh.f20.f-vs-o.label,358,248.38,facewordN02_self,97.1462726379906,scrambled,4
2,roi.rh.f20.f-vs-o.label,358,248.38,facewordN02_self,3.35510829156044,scrambled,4
2,roi.rh.f20.f-vs-o.label,246,172.02,facewordN03_self,2.0358766580258,face,1
2,roi.rh.f20.f-vs-o.label,246,172.02,facewordN03_self,1.3963364602589,face,1
2,roi.rh.f20.f-vs-o.label,246,172.02,facewordN03_self,0.654603696543708,face,1
2,roi.rh.f20.f-vs-o.label,246,172.02,facewordN03_self,0.858227984692023,face,1
2,roi.rh.f20.f-vs-o.label,246,172.02,facewordN03_self,87.2329579330072,object,2
2,roi.rh.f20.f-vs-o.label,246,172.02,facewordN03_self,-0.847914459804694,object,2
2,roi.rh.f20.f-vs-o.label,246,172.02,facewordN03_self,-2.2265631954481,object,2
2,roi.rh.f20.f-vs-o.label,246,172.02,facewordN03_self,-4.22936744992508,object,2
2,roi.rh.f20.f-vs-o.label,246,172.02,facewordN03_self,1.10097032934579,word,3
2,roi.rh.f20.f-vs-o.label,246,172.02,facewordN03_self,0.651356809549185,word,3
2,roi.rh.f20.f-vs-o.label,246,172.02,facewordN03_self,23.1062452967574,word,3
2,roi.rh.f20.f-vs-o.label,246,172.02,facewordN03_self,0.19492748991503,word,3
2,roi.rh.f20.f-vs-o.label,246,172.02,facewordN03_self,0.100517235822432,scrambled,4
2,roi.rh.f20.f-vs-o.label,246,172.02,facewordN03_self,0.492067277825218,scrambled,4
2,roi.rh.f20.f-vs-o.label,246,172.02,facewordN03_self,87.1308090240975,scrambled,4
2,roi.rh.f20.f-vs-o.label,246,172.02,facewordN03_self,1.5999128219664,scrambled,4
2,roi.rh.f20.f-vs-o.label,363,256.56,facewordN05_self,1.57162339940216,face,1
2,roi.rh.f20.f-vs-o.label,363,256.56,facewordN05_self,0.729497338246205,face,1
2,roi.rh.f20.f-vs-o.label,363,256.56,facewordN05_self,0.174995772493907,face,1
2,roi.rh.f20.f-vs-o.label,363,256.56,facewordN05_self,0.390644815966574,face,1
2,roi.rh.f20.f-vs-o.label,363,256.56,facewordN05_self,90.9551801024718,object,2
2,roi.rh.f20.f-vs-o.label,363,256.56,facewordN05_self,0.333155613803092,object,2
2,roi.rh.f20.f-vs-o.label,363,256.56,facewordN05_self,-12.8560567817448,object,2
2,roi.rh.f20.f-vs-o.label,363,256.56,facewordN05_self,-18.0486700560682,object,2
2,roi.rh.f20.f-vs-o.label,363,256.56,facewordN05_self,-2.01062400452279,word,3
2,roi.rh.f20.f-vs-o.label,363,256.56,facewordN05_self,0.789430140517011,word,3
2,roi.rh.f20.f-vs-o.label,363,256.56,facewordN05_self,22.8924735991423,word,3
2,roi.rh.f20.f-vs-o.label,363,256.56,facewordN05_self,-0.590128942664082,word,3
2,roi.rh.f20.f-vs-o.label,363,256.56,facewordN05_self,-3.37835551626896,scrambled,4
2,roi.rh.f20.f-vs-o.label,363,256.56,facewordN05_self,0.456985539871527,scrambled,4
2,roi.rh.f20.f-vs-o.label,363,256.56,facewordN05_self,91.6961665928528,scrambled,4
2,roi.rh.f20.f-vs-o.label,363,256.56,facewordN05_self,-0.625623392987966,scrambled,4
2,roi.rh.f20.f-vs-o.label,611,404.42,facewordN06_self,2.35518154736041,face,1
2,roi.rh.f20.f-vs-o.label,611,404.42,facewordN06_self,1.34420276402744,face,1
2,roi.rh.f20.f-vs-o.label,611,404.42,facewordN06_self,0.903270475025275,face,1
2,roi.rh.f20.f-vs-o.label,611,404.42,facewordN06_self,1.13731422581376,face,1
2,roi.rh.f20.f-vs-o.label,611,404.42,facewordN06_self,88.9311664287861,object,2
2,roi.rh.f20.f-vs-o.label,611,404.42,facewordN06_self,1.90823246369751,object,2
2,roi.rh.f20.f-vs-o.label,611,404.42,facewordN06_self,-0.0870983110414589,object,2
2,roi.rh.f20.f-vs-o.label,611,404.42,facewordN06_self,-0.815898461074533,object,2
2,roi.rh.f20.f-vs-o.label,611,404.42,facewordN06_self,-17.8973752710657,word,3
2,roi.rh.f20.f-vs-o.label,611,404.42,facewordN06_self,-1.14458664940173,word,3
2,roi.rh.f20.f-vs-o.label,611,404.42,facewordN06_self,12.9341416056779,word,3
2,roi.rh.f20.f-vs-o.label,611,404.42,facewordN06_self,0.445245553959243,word,3
2,roi.rh.f20.f-vs-o.label,611,404.42,facewordN06_self,-0.996033102657292,scrambled,4
2,roi.rh.f20.f-vs-o.label,611,404.42,facewordN06_self,-1.03082277282765,scrambled,4
2,roi.rh.f20.f-vs-o.label,611,404.42,facewordN06_self,89.1653488302777,scrambled,4
2,roi.rh.f20.f-vs-o.label,611,404.42,facewordN06_self,-0.309658632923143,scrambled,4
2,roi.rh.f20.f-vs-o.label,871,607.85,facewordN07_self,2.34151402092512,face,1
2,roi.rh.f20.f-vs-o.label,871,607.85,facewordN07_self,1.45079567591899,face,1
2,roi.rh.f20.f-vs-o.label,871,607.85,facewordN07_self,0.61737994413532,face,1
2,roi.rh.f20.f-vs-o.label,871,607.85,facewordN07_self,1.03101883614254,face,1
2,roi.rh.f20.f-vs-o.label,871,607.85,facewordN07_self,95.9882827839813,object,2
2,roi.rh.f20.f-vs-o.label,871,607.85,facewordN07_self,-0.434741289897642,object,2
2,roi.rh.f20.f-vs-o.label,871,607.85,facewordN07_self,-2.54695822761087,object,2
2,roi.rh.f20.f-vs-o.label,871,607.85,facewordN07_self,4.94207274864101,object,2
2,roi.rh.f20.f-vs-o.label,871,607.85,facewordN07_self,0.436902739100124,word,3
2,roi.rh.f20.f-vs-o.label,871,607.85,facewordN07_self,-3.21635954699267,word,3
2,roi.rh.f20.f-vs-o.label,871,607.85,facewordN07_self,26.4823049675036,word,3
2,roi.rh.f20.f-vs-o.label,871,607.85,facewordN07_self,0.412248469748122,word,3
2,roi.rh.f20.f-vs-o.label,871,607.85,facewordN07_self,0.245578280853238,scrambled,4
2,roi.rh.f20.f-vs-o.label,871,607.85,facewordN07_self,0.597767340772904,scrambled,4
2,roi.rh.f20.f-vs-o.label,871,607.85,facewordN07_self,94.3560534946954,scrambled,4
2,roi.rh.f20.f-vs-o.label,871,607.85,facewordN07_self,-0.672217906749835,scrambled,4
2,roi.rh.f20.f-vs-o.label,171,111.03,facewordN08_self,0.931836804021041,face,1
2,roi.rh.f20.f-vs-o.label,171,111.03,facewordN08_self,0.451663069911737,face,1
2,roi.rh.f20.f-vs-o.label,171,111.03,facewordN08_self,-0.262674016247596,face,1
2,roi.rh.f20.f-vs-o.label,171,111.03,facewordN08_self,0.465303705084445,face,1
2,roi.rh.f20.f-vs-o.label,171,111.03,facewordN08_self,92.0544109456023,object,2
2,roi.rh.f20.f-vs-o.label,171,111.03,facewordN08_self,-3.27972266897123,object,2
2,roi.rh.f20.f-vs-o.label,171,111.03,facewordN08_self,-1.13503369523147,object,2
2,roi.rh.f20.f-vs-o.label,171,111.03,facewordN08_self,10.8346407924349,object,2
2,roi.rh.f20.f-vs-o.label,171,111.03,facewordN08_self,2.99059267492682,word,3
2,roi.rh.f20.f-vs-o.label,171,111.03,facewordN08_self,1.14039885577315,word,3
2,roi.rh.f20.f-vs-o.label,171,111.03,facewordN08_self,0.706603895094006,word,3
2,roi.rh.f20.f-vs-o.label,171,111.03,facewordN08_self,0.431855420532979,word,3
2,roi.rh.f20.f-vs-o.label,171,111.03,facewordN08_self,-1.0182552850473,scrambled,4
2,roi.rh.f20.f-vs-o.label,171,111.03,facewordN08_self,-2.00545758784514,scrambled,4
2,roi.rh.f20.f-vs-o.label,171,111.03,facewordN08_self,91.3547814575552,scrambled,4
2,roi.rh.f20.f-vs-o.label,171,111.03,facewordN08_self,-5.40266375365662,scrambled,4
2,roi.rh.f20.f-vs-o.label,419,275.85,facewordN09_self,1.14451717799596,face,1
2,roi.rh.f20.f-vs-o.label,419,275.85,facewordN09_self,0.471335300738392,face,1
2,roi.rh.f20.f-vs-o.label,419,275.85,facewordN09_self,0.0721227632228981,face,1
2,roi.rh.f20.f-vs-o.label,419,275.85,facewordN09_self,0.0902626064457644,face,1
2,roi.rh.f20.f-vs-o.label,419,275.85,facewordN09_self,64.2689175822001,object,2
2,roi.rh.f20.f-vs-o.label,419,275.85,facewordN09_self,2.41581918813093,object,2
2,roi.rh.f20.f-vs-o.label,419,275.85,facewordN09_self,2.62444433157037,object,2
2,roi.rh.f20.f-vs-o.label,419,275.85,facewordN09_self,5.10290828100039,object,2
2,roi.rh.f20.f-vs-o.label,419,275.85,facewordN09_self,2.9873518169019,word,3
2,roi.rh.f20.f-vs-o.label,419,275.85,facewordN09_self,5.05685406880618,word,3
2,roi.rh.f20.f-vs-o.label,419,275.85,facewordN09_self,-0.687035327500329,word,3
2,roi.rh.f20.f-vs-o.label,419,275.85,facewordN09_self,-0.919294104869155,word,3
2,roi.rh.f20.f-vs-o.label,419,275.85,facewordN09_self,-0.702956483899427,scrambled,4
2,roi.rh.f20.f-vs-o.label,419,275.85,facewordN09_self,-0.0955210976693824,scrambled,4
2,roi.rh.f20.f-vs-o.label,419,275.85,facewordN09_self,65.0258070074004,scrambled,4
2,roi.rh.f20.f-vs-o.label,419,275.85,facewordN09_self,-0.757824640054994,scrambled,4
2,roi.rh.f20.f-vs-o.label,697,4.338,facewordN10_self,2.08064953876804,face,1
2,roi.rh.f20.f-vs-o.label,697,4.338,facewordN10_self,0.837628729393909,face,1
2,roi.rh.f20.f-vs-o.label,697,4.338,facewordN10_self,0.47225167819143,face,1
2,roi.rh.f20.f-vs-o.label,697,4.338,facewordN10_self,0.483703830243999,face,1
2,roi.rh.f20.f-vs-o.label,697,4.338,facewordN10_self,89.9423407413696,object,2
2,roi.rh.f20.f-vs-o.label,697,4.338,facewordN10_self,0.0142163087570789,object,2
2,roi.rh.f20.f-vs-o.label,697,4.338,facewordN10_self,0.508920077507089,object,2
2,roi.rh.f20.f-vs-o.label,697,4.338,facewordN10_self,3.09789801651473,object,2
2,roi.rh.f20.f-vs-o.label,697,4.338,facewordN10_self,0.729181598677865,word,3
2,roi.rh.f20.f-vs-o.label,697,4.338,facewordN10_self,-0.207963912606833,word,3
2,roi.rh.f20.f-vs-o.label,697,4.338,facewordN10_self,-0.339549773868435,word,3
2,roi.rh.f20.f-vs-o.label,697,4.338,facewordN10_self,-0.190432232197717,word,3
2,roi.rh.f20.f-vs-o.label,697,4.338,facewordN10_self,-0.262262892875526,scrambled,4
2,roi.rh.f20.f-vs-o.label,697,4.338,facewordN10_self,-0.145463961407275,scrambled,4
2,roi.rh.f20.f-vs-o.label,697,4.338,facewordN10_self,90.308598782445,scrambled,4
2,roi.rh.f20.f-vs-o.label,697,4.338,facewordN10_self,0.402573585907102,scrambled,4
2,roi.rh.f20.f-vs-o.label,38,23.63,facewordN11_self,0.771431276084561,face,1
2,roi.rh.f20.f-vs-o.label,38,23.63,facewordN11_self,0.186892162089383,face,1
2,roi.rh.f20.f-vs-o.label,38,23.63,facewordN11_self,-0.134224049158786,face,1
2,roi.rh.f20.f-vs-o.label,38,23.63,facewordN11_self,-0.191452242041889,face,1
2,roi.rh.f20.f-vs-o.label,38,23.63,facewordN11_self,71.6648279491224,object,2
2,roi.rh.f20.f-vs-o.label,38,23.63,facewordN11_self,2.52147588035778,object,2
2,roi.rh.f20.f-vs-o.label,38,23.63,facewordN11_self,-5.90523811723841,object,2
2,roi.rh.f20.f-vs-o.label,38,23.63,facewordN11_self,-19.7745054258328,object,2
2,roi.rh.f20.f-vs-o.label,38,23.63,facewordN11_self,-0.459937483709502,word,3
2,roi.rh.f20.f-vs-o.label,38,23.63,facewordN11_self,-0.124005738449724,word,3
2,roi.rh.f20.f-vs-o.label,38,23.63,facewordN11_self,-0.168705894072589,word,3
2,roi.rh.f20.f-vs-o.label,38,23.63,facewordN11_self,-0.37984930537641,word,3
2,roi.rh.f20.f-vs-o.label,38,23.63,facewordN11_self,0.217359657105255,scrambled,4
2,roi.rh.f20.f-vs-o.label,38,23.63,facewordN11_self,0.460602805214493,scrambled,4
2,roi.rh.f20.f-vs-o.label,38,23.63,facewordN11_self,73.6157719461541,scrambled,4
2,roi.rh.f20.f-vs-o.label,38,23.63,facewordN11_self,-0.558547328863489,scrambled,4
2,roi.rh.f20.f-vs-o.label,354,254.31,facewordN12_self,1.00182999794221,face,1
2,roi.rh.f20.f-vs-o.label,354,254.31,facewordN12_self,0.12567132786727,face,1
2,roi.rh.f20.f-vs-o.label,354,254.31,facewordN12_self,0.222151363864383,face,1
2,roi.rh.f20.f-vs-o.label,354,254.31,facewordN12_self,0.144182434176966,face,1
2,roi.rh.f20.f-vs-o.label,354,254.31,facewordN12_self,55.9854710102081,object,2
2,roi.rh.f20.f-vs-o.label,354,254.31,facewordN12_self,-0.053539019064862,object,2
2,roi.rh.f20.f-vs-o.label,354,254.31,facewordN12_self,-0.0541574612041504,object,2
2,roi.rh.f20.f-vs-o.label,354,254.31,facewordN12_self,-1.57414728671636,object,2
2,roi.rh.f20.f-vs-o.label,354,254.31,facewordN12_self,-0.854016928903306,word,3
2,roi.rh.f20.f-vs-o.label,354,254.31,facewordN12_self,0.786222229046105,word,3
2,roi.rh.f20.f-vs-o.label,354,254.31,facewordN12_self,0.152297448747039,word,3
2,roi.rh.f20.f-vs-o.label,354,254.31,facewordN12_self,0.126551452950814,word,3
2,roi.rh.f20.f-vs-o.label,354,254.31,facewordN12_self,0.0519520411686183,scrambled,4
2,roi.rh.f20.f-vs-o.label,354,254.31,facewordN12_self,0.0841983319278267,scrambled,4
2,roi.rh.f20.f-vs-o.label,354,254.31,facewordN12_self,55.2442599204974,scrambled,4
2,roi.rh.f20.f-vs-o.label,354,254.31,facewordN12_self,0.224298891398298,scrambled,4
2,roi.rh.f20.f-vs-o.label,251,173.47,facewordN13_self,1.07292043854041,face,1
2,roi.rh.f20.f-vs-o.label,251,173.47,facewordN13_self,0.516129255033213,face,1
2,roi.rh.f20.f-vs-o.label,251,173.47,facewordN13_self,0.432661937291834,face,1
2,roi.rh.f20.f-vs-o.label,251,173.47,facewordN13_self,0.236551196006427,face,1
2,roi.rh.f20.f-vs-o.label,251,173.47,facewordN13_self,73.0111309978592,object,2
2,roi.rh.f20.f-vs-o.label,251,173.47,facewordN13_self,-0.922158463179056,object,2
2,roi.rh.f20.f-vs-o.label,251,173.47,facewordN13_self,-1.68887643283048,object,2
2,roi.rh.f20.f-vs-o.label,251,173.47,facewordN13_self,-3.31211403386103,object,2
2,roi.rh.f20.f-vs-o.label,251,173.47,facewordN13_self,2.17765620803141,word,3
2,roi.rh.f20.f-vs-o.label,251,173.47,facewordN13_self,-1.63457232875475,word,3
2,roi.rh.f20.f-vs-o.label,251,173.47,facewordN13_self,-0.238257391894732,word,3
2,roi.rh.f20.f-vs-o.label,251,173.47,facewordN13_self,-0.19824064324148,word,3
2,roi.rh.f20.f-vs-o.label,251,173.47,facewordN13_self,-0.456076976023633,scrambled,4
2,roi.rh.f20.f-vs-o.label,251,173.47,facewordN13_self,-0.397635355920149,scrambled,4
2,roi.rh.f20.f-vs-o.label,251,173.47,facewordN13_self,73.0751386923619,scrambled,4
2,roi.rh.f20.f-vs-o.label,251,173.47,facewordN13_self,0.356332076830322,scrambled,4
2,roi.rh.f20.f-vs-o.label,755,3.144,facewordN14_self,1.27945707307894,face,1
2,roi.rh.f20.f-vs-o.label,755,3.144,facewordN14_self,0.685081404138862,face,1
2,roi.rh.f20.f-vs-o.label,755,3.144,facewordN14_self,0.488336154360737,face,1
2,roi.rh.f20.f-vs-o.label,755,3.144,facewordN14_self,0.574146030037525,face,1
2,roi.rh.f20.f-vs-o.label,755,3.144,facewordN14_self,95.1904389248779,object,2
2,roi.rh.f20.f-vs-o.label,755,3.144,facewordN14_self,0.492314267106854,object,2
2,roi.rh.f20.f-vs-o.label,755,3.144,facewordN14_self,1.23114839514643,object,2
2,roi.rh.f20.f-vs-o.label,755,3.144,facewordN14_self,2.76469540696079,object,2
2,roi.rh.f20.f-vs-o.label,755,3.144,facewordN14_self,-2.18903703011622,word,3
2,roi.rh.f20.f-vs-o.label,755,3.144,facewordN14_self,0.648874213535104,word,3
2,roi.rh.f20.f-vs-o.label,755,3.144,facewordN14_self,0.422728611226348,word,3
2,roi.rh.f20.f-vs-o.label,755,3.144,facewordN14_self,0.615697172804526,word,3
2,roi.rh.f20.f-vs-o.label,755,3.144,facewordN14_self,0.187406974164434,scrambled,4
2,roi.rh.f20.f-vs-o.label,755,3.144,facewordN14_self,0.120889168021281,scrambled,4
2,roi.rh.f20.f-vs-o.label,755,3.144,facewordN14_self,95.6418133388292,scrambled,4
2,roi.rh.f20.f-vs-o.label,755,3.144,facewordN14_self,0.0106488346770006,scrambled,4
2,roi.rh.f20.f-vs-o.label,76,1.218,facewordN15_self,1.45100473912565,face,1
2,roi.rh.f20.f-vs-o.label,76,1.218,facewordN15_self,1.11109890475085,face,1
2,roi.rh.f20.f-vs-o.label,76,1.218,facewordN15_self,0.48421988430384,face,1
2,roi.rh.f20.f-vs-o.label,76,1.218,facewordN15_self,0.619633727167782,face,1
2,roi.rh.f20.f-vs-o.label,76,1.218,facewordN15_self,97.3241795489663,object,2
2,roi.rh.f20.f-vs-o.label,76,1.218,facewordN15_self,2.21974504415534,object,2
2,roi.rh.f20.f-vs-o.label,76,1.218,facewordN15_self,-7.6721614714908,object,2
2,roi.rh.f20.f-vs-o.label,76,1.218,facewordN15_self,-12.8103952824481,object,2
2,roi.rh.f20.f-vs-o.label,76,1.218,facewordN15_self,1.29419166339855,word,3
2,roi.rh.f20.f-vs-o.label,76,1.218,facewordN15_self,-0.363905516011935,word,3
2,roi.rh.f20.f-vs-o.label,76,1.218,facewordN15_self,0.773977417547844,word,3
2,roi.rh.f20.f-vs-o.label,76,1.218,facewordN15_self,0.894704251893257,word,3
2,roi.rh.f20.f-vs-o.label,76,1.218,facewordN15_self,0.504611222441063,scrambled,4
2,roi.rh.f20.f-vs-o.label,76,1.218,facewordN15_self,0.247801876136739,scrambled,4
2,roi.rh.f20.f-vs-o.label,76,1.218,facewordN15_self,97.584780793441,scrambled,4
2,roi.rh.f20.f-vs-o.label,76,1.218,facewordN15_self,-1.61262598516125,scrambled,4
2,roi.rh.f20.f-vs-o.label,210,147.64,facewordN16_self,1.27827695067972,face,1
2,roi.rh.f20.f-vs-o.label,210,147.64,facewordN16_self,0.420504984072232,face,1
2,roi.rh.f20.f-vs-o.label,210,147.64,facewordN16_self,0.0758115503097153,face,1
2,roi.rh.f20.f-vs-o.label,210,147.64,facewordN16_self,0.473197968421681,face,1
2,roi.rh.f20.f-vs-o.label,210,147.64,facewordN16_self,88.4351635705857,object,2
2,roi.rh.f20.f-vs-o.label,210,147.64,facewordN16_self,0.6141334921809,object,2
2,roi.rh.f20.f-vs-o.label,210,147.64,facewordN16_self,-2.07487551612513,object,2
2,roi.rh.f20.f-vs-o.label,210,147.64,facewordN16_self,-4.98507974978004,object,2
2,roi.rh.f20.f-vs-o.label,210,147.64,facewordN16_self,-2.76256356909871,word,3
2,roi.rh.f20.f-vs-o.label,210,147.64,facewordN16_self,-1.07259934729054,word,3
2,roi.rh.f20.f-vs-o.label,210,147.64,facewordN16_self,0.111144029675606,word,3
2,roi.rh.f20.f-vs-o.label,210,147.64,facewordN16_self,0.0112287405235249,word,3
2,roi.rh.f20.f-vs-o.label,210,147.64,facewordN16_self,0.402649290512671,scrambled,4
2,roi.rh.f20.f-vs-o.label,210,147.64,facewordN16_self,0.559833923291548,scrambled,4
2,roi.rh.f20.f-vs-o.label,210,147.64,facewordN16_self,88.7415784563337,scrambled,4
2,roi.rh.f20.f-vs-o.label,210,147.64,facewordN16_self,-0.352250984456346,scrambled,4
2,roi.rh.f20.f-vs-o.label,588,409.05,facewordN17_self,1.34188336091667,face,1
2,roi.rh.f20.f-vs-o.label,588,409.05,facewordN17_self,0.651220739076665,face,1
2,roi.rh.f20.f-vs-o.label,588,409.05,facewordN17_self,0.105624405232781,face,1
2,roi.rh.f20.f-vs-o.label,588,409.05,facewordN17_self,0.243713254292062,face,1
2,roi.rh.f20.f-vs-o.label,588,409.05,facewordN17_self,87.247091478231,object,2
2,roi.rh.f20.f-vs-o.label,588,409.05,facewordN17_self,-0.139282696918413,object,2
2,roi.rh.f20.f-vs-o.label,588,409.05,facewordN17_self,-0.876447562519524,object,2
2,roi.rh.f20.f-vs-o.label,588,409.05,facewordN17_self,1.08038398268677,object,2
2,roi.rh.f20.f-vs-o.label,588,409.05,facewordN17_self,0.118555891900925,word,3
2,roi.rh.f20.f-vs-o.label,588,409.05,facewordN17_self,-1.77236858720723,word,3
2,roi.rh.f20.f-vs-o.label,588,409.05,facewordN17_self,-0.174822009402485,word,3
2,roi.rh.f20.f-vs-o.label,588,409.05,facewordN17_self,-0.22280237731523,word,3
2,roi.rh.f20.f-vs-o.label,588,409.05,facewordN17_self,-0.113491840106807,scrambled,4
2,roi.rh.f20.f-vs-o.label,588,409.05,facewordN17_self,-0.103078721374864,scrambled,4
2,roi.rh.f20.f-vs-o.label,588,409.05,facewordN17_self,87.486080166434,scrambled,4
2,roi.rh.f20.f-vs-o.label,588,409.05,facewordN17_self,0.268306626280972,scrambled,4
2,roi.rh.f20.f-vs-o.label,511,353,facewordN18_self,1.33284239925218,face,1
2,roi.rh.f20.f-vs-o.label,511,353,facewordN18_self,0.629935540550492,face,1
2,roi.rh.f20.f-vs-o.label,511,353,facewordN18_self,0.240249428610361,face,1
2,roi.rh.f20.f-vs-o.label,511,353,facewordN18_self,0.358360500410272,face,1
2,roi.rh.f20.f-vs-o.label,511,353,facewordN18_self,89.0712227942659,object,2
2,roi.rh.f20.f-vs-o.label,511,353,facewordN18_self,-1.50176040774281,object,2
2,roi.rh.f20.f-vs-o.label,511,353,facewordN18_self,4.14933406698669,object,2
2,roi.rh.f20.f-vs-o.label,511,353,facewordN18_self,0.311192831618679,object,2
2,roi.rh.f20.f-vs-o.label,511,353,facewordN18_self,-5.51989560189006,word,3
2,roi.rh.f20.f-vs-o.label,511,353,facewordN18_self,2.18113159784435,word,3
2,roi.rh.f20.f-vs-o.label,511,353,facewordN18_self,-0.3966331449818,word,3
2,roi.rh.f20.f-vs-o.label,511,353,facewordN18_self,-0.597295390317397,word,3
2,roi.rh.f20.f-vs-o.label,511,353,facewordN18_self,-0.906174156274314,scrambled,4
2,roi.rh.f20.f-vs-o.label,511,353,facewordN18_self,-0.289684828060464,scrambled,4
2,roi.rh.f20.f-vs-o.label,511,353,facewordN18_self,88.9854844610285,scrambled,4
2,roi.rh.f20.f-vs-o.label,511,353,facewordN18_self,-1.06491792944901,scrambled,4
2,roi.rh.f20.f-vs-o.label,246,163.35,facewordN19_self,1.49248829713409,face,1
2,roi.rh.f20.f-vs-o.label,246,163.35,facewordN19_self,0.359901134920405,face,1
2,roi.rh.f20.f-vs-o.label,246,163.35,facewordN19_self,0.106315918341544,face,1
2,roi.rh.f20.f-vs-o.label,246,163.35,facewordN19_self,0.329624176209005,face,1
2,roi.rh.f20.f-vs-o.label,246,163.35,facewordN19_self,88.124114276917,object,2
2,roi.rh.f20.f-vs-o.label,246,163.35,facewordN19_self,-0.113412932083919,object,2
2,roi.rh.f20.f-vs-o.label,246,163.35,facewordN19_self,1.56323773755245,object,2
2,roi.rh.f20.f-vs-o.label,246,163.35,facewordN19_self,1.41614301269495,object,2
2,roi.rh.f20.f-vs-o.label,246,163.35,facewordN19_self,-2.85715386735624,word,3
2,roi.rh.f20.f-vs-o.label,246,163.35,facewordN19_self,-0.615910772983802,word,3
2,roi.rh.f20.f-vs-o.label,246,163.35,facewordN19_self,-0.104521966594218,word,3
2,roi.rh.f20.f-vs-o.label,246,163.35,facewordN19_self,-0.12500449891223,word,3
2,roi.rh.f20.f-vs-o.label,246,163.35,facewordN19_self,-0.679676105374304,scrambled,4
2,roi.rh.f20.f-vs-o.label,246,163.35,facewordN19_self,0.189628018290599,scrambled,4
2,roi.rh.f20.f-vs-o.label,246,163.35,facewordN19_self,88.7652695818645,scrambled,4
2,roi.rh.f20.f-vs-o.label,246,163.35,facewordN19_self,0.0220025253924163,scrambled,4
2,roi.rh.f20.f-vs-o.label,508,2.593,facewordN20_self,2.10389130330263,face,1
2,roi.rh.f20.f-vs-o.label,508,2.593,facewordN20_self,1.36018536985035,face,1
2,roi.rh.f20.f-vs-o.label,508,2.593,facewordN20_self,0.808739523926757,face,1
2,roi.rh.f20.f-vs-o.label,508,2.593,facewordN20_self,0.993417828728346,face,1
2,roi.rh.f20.f-vs-o.label,508,2.593,facewordN20_self,108.361728082492,object,2
2,roi.rh.f20.f-vs-o.label,508,2.593,facewordN20_self,0.244362105981183,object,2
2,roi.rh.f20.f-vs-o.label,508,2.593,facewordN20_self,4.52907698900681,object,2
2,roi.rh.f20.f-vs-o.label,508,2.593,facewordN20_self,3.10296378717354,object,2
2,roi.rh.f20.f-vs-o.label,508,2.593,facewordN20_self,-1.84912871920238,word,3
2,roi.rh.f20.f-vs-o.label,508,2.593,facewordN20_self,-0.378901599014937,word,3
2,roi.rh.f20.f-vs-o.label,508,2.593,facewordN20_self,-0.00605407650196351,word,3
2,roi.rh.f20.f-vs-o.label,508,2.593,facewordN20_self,-0.0617461075271135,word,3
2,roi.rh.f20.f-vs-o.label,508,2.593,facewordN20_self,0.148828289805229,scrambled,4
2,roi.rh.f20.f-vs-o.label,508,2.593,facewordN20_self,-0.195225612397441,scrambled,4
2,roi.rh.f20.f-vs-o.label,508,2.593,facewordN20_self,107.92338329976,scrambled,4
2,roi.rh.f20.f-vs-o.label,508,2.593,facewordN20_self,1.86451274223406,scrambled,4
